PROVINCIA;MUNICIPIO;ESTACION;MAGNITUD;PUNTO_MUESTREO;ANO;MES;DIA;H01;V01;H02;V02;H03;V03;H04;V04;H05;V05;H06;V06;H07;V07;H08;V08;H09;V09;H10;V10;H11;V11;H12;V12;H13;V13;H14;V14;H15;V15;H16;V16;H17;V17;H18;V18;H19;V19;H20;V20;H21;V21;H22;V22;H23;V23;H24;V24
28;079;4;1;28079004_1_38;2022;09;30;5;V;5;V;5;V;5;V;5;V;5;V;5;V;6;V;6;N;6;V;6;V;5;V;5;V;5;V;5;V;5;N;5;V;5;V;0;N;0;N;0;N;0;N;0;N;0;N
28;079;4;6;28079004_6_48;2022;09;30;0.2;V;0.1;V;0.1;V;0.1;V;0.1;V;0.1;V;0.1;V;0.2;V;0.2;N;0.4;V;0.3;V;0.2;V;0.2;V;0.2;V;0.2;V;0.1;N;0.1;V;0.1;V;0;N;0;N;0;N;0;N;0;N;0;N
28;079;4;7;28079004_7_8;2022;09;30;3;V;2;V;1;V;2;V;1;V;1;V;2;V;15;V;10;N;37;V;30;V;17;V;8;V;5;V;5;V;6;N;3;V;4;V;0;N;0;N;0;N;0;N;0;N;0;N
28;079;4;8;28079004_8_8;2022;09;30;24;V;7;V;3;V;4;V;4;V;5;V;15;V;52;V;49;N;57;V;51;V;35;V;18;V;10;V;8;V;9;N;7;V;9;V;0;N;0;N;0;N;0;N;0;N;0;N
28;079;4;12;28079004_12_8;2022;09;30;28;V;10;V;5;V;7;V;6;V;7;V;18;V;75;V;64;N;114;V;97;V;60;V;30;V;18;V;16;V;18;N;12;V;15;V;0;N;0;N;0;N;0;N;0;N;0;N
28;079;8;1;28079008_1_38;2022;09;30;1;V;1;V;1;V;1;V;1;V;1;V;1;V;1;V;1;V;1;V;1;V;1;V;1;V;1;V;1;V;1;V;1;V;1;V;0;N;0;N;0;N;0;N;0;N;0;N
28;079;8;6;28079008_6_48;2022;09;30;0.2;V;0.2;V;0.1;V;0.1;V;0.1;V;0.2;V;0.2;V;0.3;V;0.5;V;0.6;V;0.4;V;0.3;V;0.2;V;0.2;V;0.2;V;0.2;V;0.2;V;0.2;V;0;N;0;N;0;N;0;N;0;N;0;N
28;079;8;7;28079008_7_8;2022;09;30;1;V;1;V;1;V;1;V;1;V;1;V;1;V;10;V;37;V;38;V;47;V;15;V;6;V;4;V;4;V;3;V;3;V;4;V;0;N;0;N;0;N;0;N;0;N;0;N
28;079;8;8;28079008_8_8;2022;09;30;20;V;10;V;5;V;5;V;5;V;6;V;11;V;39;V;63;V;60;V;59;V;35;V;19;V;11;V;12;V;10;V;9;V;14;V;0;N;0;N;0;N;0;N;0;N;0;N
28;079;8;9;28079008_9_47;2022;09;30;5;V;2;V;1;V;1;V;1;V;1;V;5;V;2;V;4;V;5;V;6;V;9;V;7;V;6;V;3;V;5;V;1;V;1;V;0;N;0;N;0;N;0;N;0;N;0;N
28;079;8;10;28079008_10_47;2022;09;30;7;V;3;V;2;V;2;V;2;V;2;V;6;V;3;V;10;V;13;V;13;V;15;V;13;V;12;V;6;V;8;V;1;V;1;V;0;N;0;N;0;N;0;N;0;N;0;N
28;079;8;12;28079008_12_8;2022;09;30;22;V;12;V;7;V;6;V;6;V;7;V;13;V;55;V;120;V;119;V;130;V;57;V;28;V;17;V;18;V;15;V;13;V;19;V;0;N;0;N;0;N;0;N;0;N;0;N
28;079;8;14;28079008_14_6;2022;09;30;44.85;V;50.96;V;64.5;V;63.57;V;65.26;V;63.39;V;56.75;V;29.07;V;8.33;V;14.33;V;21.03;V;41.91;V;56.79;V;66.39;V;67.87;V;70.37;V;71.47;V;67.66;V;0;N;0;N;0;N;0;N;0;N;0;N
28;079;8;20;28079008_20_59;2022;09;30;1.5;V;0.6;V;0.7;V;0.7;V;0.1;V;0.1;V;0.2;V;0.4;V;1.9;V;5.4;V;4;V;2.2;V;2.7;V;3.3;V;2.5;V;1;V;0.8;V;0.5;V;0;N;0;N;0;N;0;N;0;N;0;N
28;079;8;30;28079008_30_59;2022;09;30;0.1;V;0.1;V;0.1;V;0.1;V;0.1;V;0.1;V;0.1;V;0.1;V;0.2;V;0.5;V;0.3;V;0.1;V;0.1;V;0.1;V;0.1;V;0.1;V;0.1;V;0.1;V;0;N;0;N;0;N;0;N;0;N;0;N
28;079;8;35;28079008_35_59;2022;09;30;0.1;V;0.1;V;0.1;V;0.1;V;0.1;V;0.1;V;0.1;V;0.1;V;0.1;V;0.6;V;0.5;V;0.3;V;0.1;V;0.2;V;0.1;V;0.1;V;0.1;V;0.1;V;0;N;0;N;0;N;0;N;0;N;0;N
28;079;11;7;28079011_7_8;2022;09;30;1;V;2;V;3;V;1;V;1;V;1;V;1;V;9;V;38;V;12;N;9;V;8;V;12;V;12;V;11;V;5;V;4;V;2;V;0;N;0;N;0;N;0;N;0;N;0;N
28;079;11;8;28079011_8_8;2022;09;30;13;V;8;V;4;V;4;V;4;V;4;V;12;V;46;V;75;V;48;N;33;V;22;V;27;V;24;V;22;V;15;V;11;V;11;V;0;N;0;N;0;N;0;N;0;N;0;N
28;079;11;12;28079011_12_8;2022;09;30;15;V;10;V;9;V;6;V;5;V;5;V;14;V;59;V;133;V;67;N;48;V;35;V;45;V;42;V;39;V;23;V;17;V;15;V;0;N;0;N;0;N;0;N;0;N;0;N
28;079;11;20;28079011_20_59;2022;09;30;1.3;V;0.7;V;0.9;V;1.1;V;1;V;0.3;V;0.5;V;1.3;V;2.4;V;3.3;N;1.6;V;1.3;V;1.6;V;1.6;V;1.4;V;1.1;V;1.1;V;1.1;V;0;N;0;N;0;N;0;N;0;N;0;N
28;079;11;30;28079011_30_59;2022;09;30;0.2;V;0.1;V;0.1;V;0.1;V;0.1;V;0.1;V;0.1;V;0.2;V;0.6;V;0.6;N;0.3;V;0.2;V;0.3;V;0.3;V;0.4;V;0.3;V;0.2;V;0.2;V;0;N;0;N;0;N;0;N;0;N;0;N
28;079;11;35;28079011_35_59;2022;09;30;0.2;V;0.1;V;0.1;V;0.1;V;0.1;V;0.1;V;0.1;V;0.2;V;0.3;V;0.7;N;0.3;V;0.1;V;0.2;V;0.3;V;0.2;V;0.2;V;0.2;V;0.1;V;0;N;0;N;0;N;0;N;0;N;0;N
28;079;16;7;28079016_7_8;2022;09;30;1;V;1;V;1;V;1;V;1;V;1;V;2;V;2;V;24;V;6;V;9;V;6;V;2;V;2;V;2;V;5;V;3;V;3;V;0;N;0;N;0;N;0;N;0;N;0;N
28;079;16;8;28079016_8_8;2022;09;30;9;V;4;V;1;V;2;V;2;V;3;V;11;V;29;V;62;V;36;V;33;V;13;V;8;V;6;V;6;V;8;V;8;V;9;V;0;N;0;N;0;N;0;N;0;N;0;N
28;079;16;12;28079016_12_8;2022;09;30;10;V;5;V;3;V;3;V;4;V;5;V;14;V;32;V;100;V;45;V;47;V;23;V;12;V;10;V;8;V;16;V;12;V;15;V;0;N;0;N;0;N;0;N;0;N;0;N
28;079;16;14;28079016_14_6;2022;09;30;54.66;V;56.57;V;67.73;V;66.42;V;66.07;V;64.85;V;57.53;V;38.86;V;10.85;V;32.13;V;37.27;V;55.18;V;63.88;V;69.06;V;71.11;V;71.65;V;72.08;V;70.63;V;0;N;0;N;0;N;0;N;0;N;0;N
28;079;17;7;28079017_7_8;2022;09;30;2;V;1;V;1;V;1;V;1;V;1;V;11;V;71;V;98;V;93;V;17;V;14;V;12;V;5;V;5;V;3;V;3;V;3;V;0;N;0;N;0;N;0;N;0;N;0;N
28;079;17;8;28079017_8_8;2022;09;30;42;V;11;V;4;V;3;V;3;V;8;V;40;V;79;V;81;V;77;V;42;V;34;V;27;V;10;V;8;V;6;V;6;V;8;V;0;N;0;N;0;N;0;N;0;N;0;N
28;079;17;12;28079017_12_8;2022;09;30;46;V;12;V;6;V;5;V;5;V;10;V;56;V;187;V;231;V;219;V;67;V;56;V;45;V;17;V;15;V;11;V;10;V;12;V;0;N;0;N;0;N;0;N;0;N;0;N
28;079;17;14;28079017_14_6;2022;09;30;27.85;V;55.14;V;66.06;V;69.87;V;70.96;V;64.27;V;34.4;V;7.21;V;7.78;V;11.18;V;36.49;V;45.64;V;53.81;V;72.42;V;78.79;V;82.43;V;80.68;V;80.03;V;0;N;0;N;0;N;0;N;0;N;0;N
28;079;18;7;28079018_7_8;2022;09;30;1;V;1;V;1;V;1;V;1;V;1;V;1;V;4;V;25;V;51;V;28;V;15;V;8;V;2;V;2;V;1;V;2;V;2;V;0;N;0;N;0;N;0;N;0;N;0;N
28;079;18;8;28079018_8_8;2022;09;30;32;V;9;V;3;V;3;V;4;V;6;V;17;V;42;V;60;V;68;V;54;V;37;V;25;V;9;V;8;V;6;V;8;V;10;V;0;N;0;N;0;N;0;N;0;N;0;N
28;079;18;10;28079018_10_47;2022;09;30;4;V;2;V;12;V;8;V;8;V;4;V;13;V;11;V;11;V;21;V;37;V;25;V;4;V;4;V;17;V;12;V;3;V;1;V;0;N;0;N;0;N;0;N;0;N;0;N
28;079;18;12;28079018_12_8;2022;09;30;34;V;10;V;5;V;5;V;6;V;7;V;18;V;48;V;99;V;145;V;97;V;60;V;37;V;12;V;11;V;8;V;10;V;13;V;0;N;0;N;0;N;0;N;0;N;0;N
28;079;18;14;28079018_14_6;2022;09;30;28.99;V;49.84;V;59.82;V;63.3;V;63.67;V;59.37;V;44.37;V;20.44;V;5.71;V;9.6;V;23.34;V;37.76;V;50.77;V;67.15;V;69.25;V;74.43;V;73.16;V;71.63;V;0;N;0;N;0;N;0;N;0;N;0;N
28;079;18;20;28079018_20_59;2022;09;30;1.1;V;0.8;V;0.7;V;0.3;V;0.4;V;0.5;V;0.7;V;271.5;N;79.1;V;19.6;V;9.2;V;4.1;V;3.8;V;2.5;V;1;V;0.9;V;0.7;V;1;V;0;N;0;N;0;N;0;N;0;N;0;N
28;079;18;30;28079018_30_59;2022;09;30;0.1;V;0.1;V;0.1;V;0.1;V;0.1;V;0.1;V;0.1;V;0.1;V;0.1;V;0.2;V;0.1;V;0.1;V;0.1;V;0.1;V;0.1;V;0.1;V;0.1;V;0.1;V;0;N;0;N;0;N;0;N;0;N;0;N
28;079;18;35;28079018_35_59;2022;09;30;0.1;V;0.1;V;0.1;V;0.1;V;0.1;V;0.1;V;0.1;V;22.7;V;18.6;V;4;V;2;V;0.8;V;0.5;V;0.4;V;0.1;V;0.1;V;0.1;V;0.1;V;0;N;0;N;0;N;0;N;0;N;0;N
28;079;24;7;28079024_7_8;2022;09;30;1;V;1;V;1;V;1;V;1;V;1;V;1;V;2;V;5;V;23;V;22;V;15;V;5;V;1;V;1;V;1;V;1;V;1;V;0;N;0;N;0;N;0;N;0;N;0;N
28;079;24;8;28079024_8_8;2022;09;30;18;V;10;V;3;V;1;V;1;V;2;V;3;V;12;V;39;V;47;V;46;V;35;V;16;V;2;V;2;V;2;V;3;V;3;V;0;N;0;N;0;N;0;N;0;N;0;N
28;079;24;9;28079024_9_47;2022;09;30;2;V;2;V;2;V;1;V;1;V;1;V;2;V;1;V;1;V;3;V;5;V;4;V;2;V;1;V;1;V;3;V;1;V;3;V;0;N;0;N;0;N;0;N;0;N;0;N
28;079;24;10;28079024_10_47;2022;09;30;22;V;20;V;18;V;15;V;15;V;14;V;14;V;12;V;13;V;17;V;19;V;20;V;17;V;10;V;8;V;13;V;6;V;10;V;0;N;0;N;0;N;0;N;0;N;0;N
28;079;24;12;28079024_12_8;2022;09;30;20;V;12;V;4;V;3;V;3;V;4;V;5;V;14;V;46;V;81;V;80;V;57;V;23;V;3;V;3;V;4;V;5;V;5;V;0;N;0;N;0;N;0;N;0;N;0;N
28;079;24;14;28079024_14_6;2022;09;30;41.05;V;50.62;V;65.35;V;69.1;V;70.36;V;66.3;V;62.73;V;47.01;V;22.05;V;16.24;V;29.92;V;44.87;V;61.89;V;79.16;V;81.44;V;84.31;V;83.26;V;83.57;V;0;N;0;N;0;N;0;N;0;N;0;N
28;079;24;20;28079024_20_59;2022;09;30;0.9;V;0.9;V;0.2;V;0.1;V;0.1;V;0.1;V;0.1;V;0.3;V;1.1;V;3.3;V;4.1;V;5;V;3.2;V;0.5;V;0.1;V;0.1;V;0.1;V;0.2;V;0;N;0;N;0;N;0;N;0;N;0;N
28;079;24;30;28079024_30_59;2022;09;30;0.2;V;0.2;V;0.1;V;0.1;V;0.1;V;0.1;V;0.1;V;0.1;V;0.2;V;0.5;V;0.6;V;0.6;V;0.4;V;0.1;V;0.1;V;0.1;V;0.1;V;0.1;V;0;N;0;N;0;N;0;N;0;N;0;N
28;079;24;35;28079024_35_59;2022;09;30;0.1;V;0.2;V;0.1;V;0.1;V;0.1;V;0.1;V;0.1;V;0.1;V;0.1;V;0.2;V;0.3;V;0.4;V;0.2;V;0.1;V;0.1;V;0.1;V;0.1;V;0.1;V;0;N;0;N;0;N;0;N;0;N;0;N
28;079;27;7;28079027_7_8;2022;09;30;1;V;1;V;2;V;1;V;1;V;1;V;2;V;6;V;22;V;13;V;7;V;5;V;7;V;5;V;2;V;2;V;3;V;2;V;0;N;0;N;0;N;0;N;0;N;0;N
28;079;27;8;28079027_8_8;2022;09;30;32;V;18;V;11;V;12;V;11;V;11;V;21;V;45;V;64;V;44;V;27;V;19;V;20;V;17;V;12;V;13;V;14;V;13;V;0;N;0;N;0;N;0;N;0;N;0;N
28;079;27;12;28079027_12_8;2022;09;30;34;V;20;V;14;V;14;V;12;V;12;V;23;V;55;V;98;V;65;V;38;V;26;V;31;V;25;V;16;V;16;V;20;V;16;V;0;N;0;N;0;N;0;N;0;N;0;N
28;079;27;14;28079027_14_6;2022;09;30;30.81;V;41.52;V;49.84;V;49.33;V;50.45;V;48.45;V;45.1;V;28.85;V;10.86;V;21.67;V;33.04;V;43.56;V;49.4;V;51.68;V;59.92;V;60.75;V;59.42;V;60.73;V;0;N;0;N;0;N;0;N;0;N;0;N
28;079;35;1;28079035_1_38;2022;09;30;3;V;4;V;3;V;3;V;4;V;3;V;4;V;3;V;4;V;5;V;4;V;4;V;3;V;4;V;6;V;6;V;6;V;7;V;0;N;0;N;0;N;0;N;0;N;0;N
28;079;35;6;28079035_6_48;2022;09;30;0.3;V;0.2;V;0.2;V;0.2;V;0.2;V;0.2;V;0.2;V;0.3;V;0.2;V;0.4;V;0.4;V;0.3;V;0.3;V;0.3;V;0.3;V;0.3;V;0.3;V;0.3;V;0;N;0;N;0;N;0;N;0;N;0;N
28;079;35;7;28079035_7_8;2022;09;30;2;V;2;V;1;V;9;V;13;V;2;V;3;V;7;V;7;V;47;V;28;V;18;V;8;V;4;V;6;V;4;V;4;V;4;V;0;N;0;N;0;N;0;N;0;N;0;N
28;079;35;8;28079035_8_8;2022;09;30;28;V;19;V;16;V;12;V;18;V;13;V;23;V;40;V;33;V;71;V;56;V;44;V;26;V;18;V;21;V;16;V;18;V;19;V;0;N;0;N;0;N;0;N;0;N;0;N
28;079;35;12;28079035_12_8;2022;09;30;31;V;22;V;18;V;26;V;39;V;16;V;27;V;51;V;44;V;143;V;99;V;72;V;39;V;24;V;31;V;22;V;24;V;25;V;0;N;0;N;0;N;0;N;0;N;0;N
28;079;35;14;28079035_14_6;2022;09;30;38.49;V;41.86;V;50.91;V;53.65;V;50.36;V;55.15;V;44.11;V;25.99;V;38.01;V;8.76;V;22.11;V;32.94;V;49.16;V;60.42;V;59.77;V;65.61;V;62.53;V;62.29;V;0;N;0;N;0;N;0;N;0;N;0;N
28;079;38;7;28079038_7_8;2022;09;30;7;V;1;V;4;V;1;V;4;V;2;V;4;V;12;V;50;V;43;V;38;V;29;V;19;V;17;V;28;V;10;V;7;V;9;V;0;N;0;N;0;N;0;N;0;N;0;N
28;079;38;8;28079038_8_8;2022;09;30;25;V;4;V;4;V;2;V;4;V;5;V;18;V;39;V;63;V;43;V;55;V;37;V;22;V;19;V;23;V;14;V;10;V;14;V;0;N;0;N;0;N;0;N;0;N;0;N
28;079;38;9;28079038_9_47;2022;09;30;1;V;3;V;3;V;2;V;2;V;1;V;3;V;3;V;5;V;7;V;7;V;5;V;22;V;16;V;7;V;2;V;4;V;3;V;0;N;0;N;0;N;0;N;0;N;0;N
28;079;38;10;28079038_10_47;2022;09;30;2;V;5;V;5;V;4;V;4;V;3;V;5;V;8;V;22;V;26;V;21;V;20;V;102;V;58;V;19;V;10;V;9;V;8;V;0;N;0;N;0;N;0;N;0;N;0;N
28;079;38;12;28079038_12_8;2022;09;30;36;V;6;V;10;V;4;V;10;V;9;V;24;V;57;V;139;V;109;V;113;V;82;V;51;V;46;V;67;V;28;V;20;V;27;V;0;N;0;N;0;N;0;N;0;N;0;N
28;079;38;20;28079038_20_59;2022;09;30;0.8;V;0.5;V;0.3;V;0.3;V;0.3;V;0.3;V;0.4;V;0.5;V;2.4;V;4.6;V;2.2;V;1.8;V;1.5;V;1;V;0.8;V;0.8;V;0.9;V;0.7;V;0;N;0;N;0;N;0;N;0;N;0;N
28;079;38;30;28079038_30_59;2022;09;30;0.3;V;0.1;V;0.1;V;0.1;V;0.1;V;0.1;V;0.1;V;0.2;V;0.5;V;0.8;V;0.5;V;0.5;V;0.4;V;0.4;V;0.4;V;0.4;V;0.3;V;0.2;V;0;N;0;N;0;N;0;N;0;N;0;N
28;079;38;35;28079038_35_59;2022;09;30;0.1;V;0.1;V;0.1;V;0.1;V;0.1;V;0.1;V;0.1;V;0.1;V;0.3;V;0.5;V;0.3;V;0.3;V;0.2;V;0.1;V;0.1;V;0.1;V;0.1;V;0.1;V;0;N;0;N;0;N;0;N;0;N;0;N
28;079;39;7;28079039_7_8;2022;09;30;1;V;1;V;1;V;1;V;1;V;1;V;1;V;11;V;28;V;28;V;40;V;21;V;3;V;3;V;2;V;2;V;2;V;2;V;0;N;0;N;0;N;0;N;0;N;0;N
28;079;39;8;28079039_8_8;2022;09;30;13;V;3;V;1;V;1;V;2;V;5;V;19;V;48;V;68;V;65;V;62;V;44;V;10;V;8;V;5;V;6;V;5;V;7;V;0;N;0;N;0;N;0;N;0;N;0;N
28;079;39;12;28079039_12_8;2022;09;30;14;V;4;V;3;V;3;V;3;V;6;V;20;V;65;V;111;V;108;V;123;V;77;V;15;V;12;V;7;V;9;V;8;V;9;V;0;N;0;N;0;N;0;N;0;N;0;N
28;079;39;14;28079039_14_6;2022;09;30;52.72;V;62.04;V;71.66;V;73.01;V;71.79;V;67.95;V;53.67;V;21.52;V;5.06;V;12.3;V;18.25;V;35.72;V;68.89;V;74.22;V;78.73;V;79.52;V;79.36;V;79.47;V;0;N;0;N;0;N;0;N;0;N;0;N
28;079;40;7;28079040_7_8;2022;09;30;1;V;1;V;1;V;1;V;1;V;1;V;1;V;5;V;56;V;52;V;35;V;24;V;16;V;22;V;13;V;3;V;4;V;3;V;0;N;0;N;0;N;0;N;0;N;0;N
28;079;40;8;28079040_8_8;2022;09;30;11;V;5;V;2;V;2;V;3;V;5;V;11;V;34;V;72;V;72;V;55;V;36;V;25;V;25;V;16;V;10;V;12;V;13;V;0;N;0;N;0;N;0;N;0;N;0;N
28;079;40;10;28079040_10_47;2022;09;30;7;V;7;V;12;V;7;V;2;V;6;V;5;V;7;V;11;V;23;V;27;V;18;V;18;V;14;V;11;V;1;V;14;V;16;V;0;N;0;N;0;N;0;N;0;N;0;N
28;079;40;12;28079040_12_8;2022;09;30;13;V;6;V;4;V;3;V;4;V;7;V;13;V;41;V;157;V;151;V;108;V;72;V;50;V;58;V;36;V;15;V;18;V;17;V;0;N;0;N;0;N;0;N;0;N;0;N
28;079;47;7;28079047_7_8;2022;09;30;2;V;1;V;1;V;1;V;1;V;1;V;1;V;5;V;38;V;85;V;27;V;26;V;36;V;54;V;3;V;24;V;21;V;21;V;0;N;0;N;0;N;0;N;0;N;0;N
28;079;47;8;28079047_8_8;2022;09;30;19;V;10;V;5;V;4;V;4;V;7;V;11;V;43;V;67;V;73;V;49;V;41;V;32;V;38;V;9;V;24;V;24;V;24;V;0;N;0;N;0;N;0;N;0;N;0;N
28;079;47;9;28079047_9_47;2022;09;30;2;V;6;V;1;V;3;V;6;V;1;V;1;V;2;V;7;V;8;V;7;V;7;V;5;V;10;V;7;V;2;V;4;V;1;V;0;N;0;N;0;N;0;N;0;N;0;N
28;079;47;10;28079047_10_47;2022;09;30;4;V;6;V;3;V;5;V;7;V;1;V;3;V;5;V;12;V;23;V;21;V;16;V;32;V;48;V;18;V;5;V;10;V;10;V;0;N;0;N;0;N;0;N;0;N;0;N
28;079;47;12;28079047_12_8;2022;09;30;22;V;12;V;6;V;6;V;5;V;8;V;13;V;51;V;124;V;203;V;90;V;81;V;88;V;121;V;14;V;60;V;57;V;56;V;0;N;0;N;0;N;0;N;0;N;0;N
28;079;48;7;28079048_7_8;2022;09;30;1;V;1;V;1;V;1;V;4;V;1;V;1;V;5;V;3;V;12;V;27;V;4;V;4;V;3;V;2;V;1;V;1;V;1;V;0;N;0;N;0;N;0;N;0;N;0;N
28;079;48;8;28079048_8_8;2022;09;30;19;V;6;V;5;V;5;V;4;V;3;V;13;V;39;V;44;V;48;V;54;V;20;V;16;V;12;V;7;V;7;V;6;V;6;V;0;N;0;N;0;N;0;N;0;N;0;N
28;079;48;9;28079048_9_47;2022;09;30;1;V;1;V;1;V;2;V;4;V;1;V;1;V;1;V;3;V;6;V;5;V;3;V;4;V;5;V;4;V;1;V;5;V;1;V;0;N;0;N;0;N;0;N;0;N;0;N
28;079;48;10;28079048_10_47;2022;09;30;3;V;1;V;3;V;4;V;6;V;2;V;2;V;1;V;6;V;12;V;12;V;12;V;8;V;7;V;5;V;3;V;7;V;2;V;0;N;0;N;0;N;0;N;0;N;0;N
28;079;48;12;28079048_12_8;2022;09;30;20;V;8;V;7;V;6;V;10;V;4;V;15;V;46;V;49;V;66;V;95;V;27;V;22;V;16;V;9;V;9;V;8;V;7;V;0;N;0;N;0;N;0;N;0;N;0;N
28;079;49;7;28079049_7_8;2022;09;30;1;V;1;V;3;V;1;V;1;V;1;V;1;V;1;V;1;V;17;V;26;V;6;V;1;V;1;V;1;V;1;V;1;V;1;V;0;N;0;N;0;N;0;N;0;N;0;N
28;079;49;8;28079049_8_8;2022;09;30;12;V;7;V;4;V;4;V;3;V;4;V;7;V;13;V;30;V;47;V;57;V;34;V;14;V;5;V;5;V;6;V;6;V;7;V;0;N;0;N;0;N;0;N;0;N;0;N
28;079;49;12;28079049_12_8;2022;09;30;14;V;8;V;9;V;5;V;4;V;6;V;9;V;14;V;32;V;72;V;97;V;44;V;15;V;7;V;7;V;7;V;8;V;8;V;0;N;0;N;0;N;0;N;0;N;0;N
28;079;49;14;28079049_14_6;2022;09;30;44.87;V;49.59;V;62.74;V;61.81;V;63.4;V;60.17;V;57.23;V;43.43;V;20.52;V;10.17;V;14.58;V;34.81;V;55.31;V;67.73;V;69.93;V;71.4;V;70.96;V;69.86;V;0;N;0;N;0;N;0;N;0;N;0;N
28;079;50;7;28079050_7_8;2022;09;30;2;V;1;V;1;V;1;V;1;V;1;V;11;V;32;V;32;V;17;V;37;V;8;V;16;V;16;V;19;V;8;V;12;V;5;V;0;N;0;N;0;N;0;N;0;N;0;N
28;079;50;8;28079050_8_8;2022;09;30;15;V;7;V;5;V;7;V;8;V;8;V;28;V;54;V;59;V;47;V;49;V;18;V;22;V;20;V;22;V;15;V;18;V;12;V;0;N;0;N;0;N;0;N;0;N;0;N
28;079;50;9;28079050_9_47;2022;09;30;1;V;3;V;2;V;1;V;1;V;1;V;1;V;3;V;3;V;5;V;9;V;4;V;2;V;1;V;2;V;1;V;1;V;1;V;0;N;0;N;0;N;0;N;0;N;0;N
28;079;50;10;28079050_10_47;2022;09;30;3;V;2;V;6;V;8;V;2;V;6;V;4;V;6;V;12;V;16;V;22;V;19;V;11;V;5;V;5;V;4;V;6;V;7;V;0;N;0;N;0;N;0;N;0;N;0;N
28;079;50;12;28079050_12_8;2022;09;30;19;V;8;V;6;V;9;V;10;V;10;V;44;V;103;V;108;V;72;V;106;V;31;V;47;V;44;V;50;V;28;V;35;V;20;V;0;N;0;N;0;N;0;N;0;N;0;N
28;079;54;7;28079054_7_8;2022;09;30;1;V;1;V;1;V;1;V;1;V;1;V;2;V;4;V;40;V;39;V;10;V;6;V;3;V;4;V;4;V;4;V;3;V;5;V;0;N;0;N;0;N;0;N;0;N;0;N
28;079;54;8;28079054_8_8;2022;09;30;13;V;9;V;4;V;4;V;10;V;10;V;20;V;34;V;66;V;60;V;28;V;18;V;11;V;11;V;11;V;11;V;9;V;14;V;0;N;0;N;0;N;0;N;0;N;0;N
28;079;54;12;28079054_12_8;2022;09;30;14;V;10;V;5;V;6;V;12;V;12;V;23;V;40;V;127;V;120;V;43;V;27;V;15;V;18;V;17;V;17;V;14;V;22;V;0;N;0;N;0;N;0;N;0;N;0;N
28;079;54;14;28079054_14_6;2022;09;30;63.67;V;62.68;V;73.35;V;72.97;V;65.75;V;66.78;V;56.68;V;42.13;V;15.43;V;22.11;V;50.33;V;62.25;V;70.37;V;75.93;V;77.49;V;80.49;V;82.55;V;79.81;V;0;N;0;N;0;N;0;N;0;N;0;N
28;079;55;7;28079055_7_8;2022;09;30;6;V;3;V;1;V;1;V;1;V;1;V;3;V;7;V;35;V;16;V;13;V;5;V;6;V;5;V;4;V;5;V;3;V;4;V;0;N;0;N;0;N;0;N;0;N;0;N
28;079;55;8;28079055_8_8;2022;09;30;35;V;15;V;12;V;13;V;14;V;11;V;19;V;39;V;66;V;42;V;32;V;16;V;13;V;10;V;9;V;10;V;8;V;10;V;0;N;0;N;0;N;0;N;0;N;0;N
28;079;55;10;28079055_10_47;2022;09;30;8;V;4;V;3;V;3;V;5;V;7;V;10;V;2;V;4;V;9;V;7;V;3;V;5;V;10;V;11;V;6;V;7;V;4;V;0;N;0;N;0;N;0;N;0;N;0;N
28;079;55;12;28079055_12_8;2022;09;30;43;V;19;V;13;V;15;V;15;V;13;V;23;V;50;V;119;V;67;V;51;V;24;V;22;V;18;V;16;V;18;V;12;V;16;V;0;N;0;N;0;N;0;N;0;N;0;N
28;079;55;20;28079055_20_59;2022;09;30;0.3;V;0.1;V;0.1;V;0.1;V;0.1;V;0.1;V;0.2;V;0.2;V;0.5;V;1.3;V;1.3;V;0.6;V;0.3;V;0.3;V;0.1;V;0.1;V;0.1;V;0.1;V;0;N;0;N;0;N;0;N;0;N;0;N
28;079;55;30;28079055_30_59;2022;09;30;0.1;V;0.1;V;0.1;V;0.1;V;0.1;V;0.1;V;0.1;V;0.1;V;0.2;V;0.5;V;0.3;V;0.2;V;0.1;V;0.1;V;0.1;V;0.1;V;0.1;V;0.1;V;0;N;0;N;0;N;0;N;0;N;0;N
28;079;55;35;28079055_35_59;2022;09;30;0.1;V;0.1;V;0.1;V;0.1;V;0.1;V;0.1;V;0.1;V;0.1;V;0.1;V;0.1;V;0.1;V;0.1;V;0.1;V;0.1;V;0.1;V;0.1;V;0.1;V;0.1;V;0;N;0;N;0;N;0;N;0;N;0;N
28;079;56;6;28079056_6_48;2022;09;30;0.3;V;0.2;V;0.2;V;0.2;V;0.2;V;0.2;V;0.3;V;0.5;V;0.8;V;0.6;V;0.3;V;0.3;V;0.3;V;0.3;V;0.3;V;0.3;V;0.3;V;0.3;V;0;N;0;N;0;N;0;N;0;N;0;N
28;079;56;7;28079056_7_8;2022;09;30;2;V;1;V;1;V;1;V;1;V;1;V;6;V;43;V;108;V;101;V;20;V;15;V;14;V;10;V;8;V;5;V;8;V;9;V;0;N;0;N;0;N;0;N;0;N;0;N
28;079;56;8;28079056_8_8;2022;09;30;40;V;17;V;9;V;8;V;8;V;10;V;36;V;61;V;72;V;75;V;43;V;36;V;31;V;22;V;20;V;14;V;23;V;26;V;0;N;0;N;0;N;0;N;0;N;0;N
28;079;56;9;28079056_9_47;2022;09;30;7;V;2;V;1;V;4;V;2;V;1;V;2;V;1;V;6;V;9;V;7;V;1;V;1;V;3;V;1;V;3;V;2;V;3;V;0;N;0;N;0;N;0;N;0;N;0;N
28;079;56;10;28079056_10_47;2022;09;30;12;V;5;V;1;V;7;V;5;V;2;V;3;V;10;V;18;V;24;V;25;V;11;V;10;V;9;V;5;V;5;V;4;V;6;V;0;N;0;N;0;N;0;N;0;N;0;N
28;079;56;12;28079056_12_8;2022;09;30;43;V;18;V;11;V;10;V;9;V;12;V;45;V;127;V;237;V;230;V;74;V;60;V;53;V;38;V;32;V;22;V;35;V;40;V;0;N;0;N;0;N;0;N;0;N;0;N
28;079;57;7;28079057_7_8;2022;09;30;1;V;1;V;1;V;1;V;1;V;1;V;1;V;1;V;11;V;8;V;3;V;1;V;1;V;1;V;1;V;1;V;1;V;1;V;0;N;0;N;0;N;0;N;0;N;0;N
28;079;57;8;28079057_8_8;2022;09;30;12;V;7;V;4;V;5;V;4;V;5;V;8;V;32;V;60;V;56;V;40;V;24;V;20;V;18;V;17;V;23;V;17;V;16;V;0;N;0;N;0;N;0;N;0;N;0;N
28;079;57;9;28079057_9_47;2022;09;30;2;V;1;V;1;V;1;V;2;V;1;V;2;V;4;V;2;V;3;V;3;V;2;V;3;V;2;V;2;V;1;V;1;V;4;V;0;N;0;N;0;N;0;N;0;N;0;N
28;079;57;10;28079057_10_47;2022;09;30;3;V;3;V;3;V;1;V;3;V;1;V;3;V;5;V;6;V;8;V;7;V;5;V;6;V;3;V;3;V;3;V;3;V;5;V;0;N;0;N;0;N;0;N;0;N;0;N
28;079;57;12;28079057_12_8;2022;09;30;14;V;9;V;6;V;6;V;6;V;6;V;9;V;33;V;76;V;68;V;44;V;26;V;21;V;20;V;18;V;25;V;18;V;18;V;0;N;0;N;0;N;0;N;0;N;0;N
28;079;58;7;28079058_7_8;2022;09;30;1;V;1;V;1;V;1;V;1;V;1;V;5;V;18;V;17;V;22;V;11;V;10;V;3;V;2;V;1;V;1;V;1;V;1;V;0;N;0;N;0;N;0;N;0;N;0;N
28;079;58;8;28079058_8_8;2022;09;30;12;V;12;V;3;V;2;V;4;V;7;V;22;V;39;V;30;V;33;V;26;V;27;V;9;V;6;V;4;V;4;V;4;V;4;V;0;N;0;N;0;N;0;N;0;N;0;N
28;079;58;12;28079058_12_8;2022;09;30;14;V;14;V;5;V;4;V;6;V;9;V;29;V;67;V;56;V;67;V;43;V;42;V;12;V;8;V;6;V;6;V;5;V;6;V;0;N;0;N;0;N;0;N;0;N;0;N
28;079;58;14;28079058_14_6;2022;09;30;32.75;V;31.46;V;62.99;V;69.93;V;60.23;V;48.51;V;29.87;V;10.55;V;10.79;V;14.28;V;35.21;V;49.47;V;73.16;V;80.09;V;81.9;V;85.94;V;85.16;V;84.74;V;0;N;0;N;0;N;0;N;0;N;0;N
28;079;59;7;28079059_7_8;2022;09;30;1;V;1;V;1;V;1;V;1;V;1;V;1;V;1;V;8;V;8;V;7;V;3;V;2;V;2;V;1;V;2;V;2;V;2;V;0;N;0;N;0;N;0;N;0;N;0;N
28;079;59;8;28079059_8_8;2022;09;30;4;V;3;V;1;V;1;V;3;V;6;V;10;V;16;V;43;V;31;V;19;V;6;V;3;V;2;V;2;V;3;V;5;V;5;V;0;N;0;N;0;N;0;N;0;N;0;N
28;079;59;12;28079059_12_8;2022;09;30;6;V;4;V;3;V;3;V;5;V;8;V;11;V;18;V;56;V;43;V;29;V;10;V;6;V;5;V;4;V;5;V;8;V;7;V;0;N;0;N;0;N;0;N;0;N;0;N
28;079;59;14;28079059_14_6;2022;09;30;62.14;V;62.78;V;71.18;V;70.31;V;68.07;V;62.41;V;60.71;V;53;V;29.45;V;43.39;V;53.93;V;62.99;V;72.17;V;76.36;V;78.7;V;78.96;V;78.73;V;78.75;V;0;N;0;N;0;N;0;N;0;N;0;N
28;079;60;7;28079060_7_8;2022;09;30;1;V;2;V;1;V;1;V;1;V;1;V;2;V;6;V;21;V;15;V;10;V;5;V;3;V;3;V;3;V;3;V;2;V;2;V;0;N;0;N;0;N;0;N;0;N;0;N
28;079;60;8;28079060_8_8;2022;09;30;11;V;3;V;3;V;3;V;5;V;6;V;12;V;40;V;64;V;48;V;30;V;20;V;8;V;8;V;7;V;7;V;7;V;8;V;0;N;0;N;0;N;0;N;0;N;0;N
28;079;60;10;28079060_10_47;2022;09;30;6;V;1;V;2;V;3;V;3;V;4;V;6;V;9;V;17;V;26;V;14;V;11;V;5;V;7;V;5;V;6;V;6;V;6;V;0;N;0;N;0;N;0;N;0;N;0;N
28;079;60;12;28079060_12_8;2022;09;30;13;V;6;V;5;V;5;V;8;V;8;V;15;V;49;V;96;V;70;V;46;V;28;V;12;V;12;V;11;V;12;V;10;V;12;V;0;N;0;N;0;N;0;N;0;N;0;N
28;079;60;14;28079060_14_6;2022;09;30;55.9;V;62.37;V;68.48;V;69;V;66.64;V;65.64;V;56.97;V;27.7;V;9.9;V;28.51;V;43.57;V;53.27;V;69.23;V;72.29;V;73.65;V;75.31;V;76.94;V;77.06;V;0;N;0;N;0;N;0;N;0;N;0;N
